,AT,AP,AH,AFDP,GTEP,TIT,TAT,TEY,CDP,CO,NOX
count,36726.0,36726.0,36726.0,36726.0,36726.0,36726.0,36726.0,36726.0,36726.0,36726.0,36726.0
mean,17.711450974132763,1013.0715207210151,77.86427446495671,3.9254101317867454,25.56353743941622,1081.4271660404074,546.1580621358166,133.50607907204704,12.060469863312097,2.372627154803409,65.29606110112726
std,7.447561456277749,6.463155052075366,14.461250319624696,0.7739390070145222,4.196156826770681,17.537244394471728,6.842900551370667,15.619558298930277,1.088860676514186,2.2628564251783234,11.677402135787531
min,-6.2348,985.85,24.085,2.0874,17.698,1000.8,511.04,100.02,9.8518,0.00038751,25.905
25%,11.77925,1008.8,68.1825,3.355525,23.12725,1071.8,544.72,124.45,11.434,1.1823249999999998,57.16425
50%,17.798,1012.6,80.46549999999999,3.93745,25.1045,1085.9,549.88,133.73,11.965,1.7137,63.851
75%,23.664,1017.0,89.37375,4.3768,29.059,1097.0,550.04,144.08,12.85375,2.84335,71.549
max,37.103,1036.6,100.2,7.6106,40.716,1100.9,550.61,179.5,15.159,44.103,119.91
